productID,price,title,bodycontent,productURL
1008420737,100,Honda S2000,Dont need to say much  Rare s2000 tshirt,https://sg.carousell.com/p/Honda-S2000-1008420737
282408282,500,Honda CIVIC,Showroom: Grandstand 210 Turf Club Road Lot A8 Singapore 287995  Rental Rates: Weekly: 500.0 SGD  Rental Terms: Min. Duration: 3 Months Age Range: 22 - 65 Min. Driving Exp: 2.0 years Malaysia Allowed: Yes  Description: Brand New Honda Civic 2019   GOJEK EXCLUSIVE PARTNER    Honda Civic $525/ week Av,https://sg.carousell.com/p/Honda-CIVIC-282408282
284752134,1,Honda ADV150,Honda,https://sg.carousell.com/p/Honda-ADV150-284752134
1007576138,"5,000",Honda CB750,Honda,https://sg.carousell.com/p/Honda-CB750-1007576138
256186478,"77,800",HONDA NBOX SLASH,"The New Honda N-Box Slash Kei Car. The Very First In Singapore!  Looking For More Trendy And Fun To Drive Car ?  If You Are After A Small Car With loads Of Space That Is Also Comfortable And Gives Pretty Decent Fuel Average, Then The Honda N-Box Is For You!  ‚úî HID Headlights ‚úî Honda Smart Key System",https://sg.carousell.com/p/HONDA-NBOX-SLASH-256186478
226061839,0,Honda msx125,Honda,https://sg.carousell.com/p/Honda-msx125-226061839
283933823,"16,300",Honda Crossrunner,Honda,https://sg.carousell.com/p/Honda-Crossrunner-283933823
185425000,"6,800",Honda MSX,Honda,https://sg.carousell.com/p/Honda-MSX-185425000
256333600,"77,800",HONDA NBOX SLASH,"The New Honda N-Box Slash Kei Car. The Very First In Singapore!  Looking For More Trendy And Fun To Drive Car ?  If You Are After A Small Car With loads Of Space That Is Also Comfortable And Gives Pretty Decent Fuel Average, Then The Honda N-Box Is For You!  ‚úî HID Headlights ‚úî Honda Smart Key System",https://sg.carousell.com/p/HONDA-NBOX-SLASH-256333600
245110337,"5,300",Honda CBR250R,Honda,https://sg.carousell.com/p/Honda-CBR250R-245110337
1008273802,"2,000",Honda CB400XA,Honda,https://sg.carousell.com/p/Honda-CB400XA-1008273802
1007423656,30,Honda Sunshade,Honda Shuttle magnetic sunshade in mint condition.   Barely used.  Negotiable. ,https://sg.carousell.com/p/Honda-Sunshade-1007423656
281072108,"9,500",Honda CB125F,Honda,https://sg.carousell.com/p/Honda-CB125F-281072108
1008904757,100,Honda fit,honda fit spare tyre,https://sg.carousell.com/p/Honda-fit-1008904757
279133431,0,Honda Pcx150,Honda,https://sg.carousell.com/p/Honda-Pcx150-279133431
1008622492,30,Honda fit-on armrest for Honda Fit or Jazz,Previously used on Honda Fit or Jazz. its is fit on. refer to picture. bought it for about $45. for sell collect at CCK.,https://sg.carousell.com/p/Honda-fit-on-armrest-for-Honda-Fit-or-Jazz-1008622492
1000754731,"5,988",HONDA NSR150RR,Honda,https://sg.carousell.com/p/HONDA-NSR150RR-1000754731
1005707212,55,Honda Fit,First Werkz https://www.facebook.com/firstwerkz/  Min. Duration: 1 day Age Range: 22 - 65 Min. Driving Exp: 2.0 years Malaysia Allowed: Yes  ‚úÖ Daily / Weekly / Monthly Rental Available ‚úÖ Flexible Deposit ‚úÖ 24 Hours Towing Service Provided ‚úÖ Service & Maintenance Covered ‚úÖ Road Tax & Insurance Includ,https://sg.carousell.com/p/Honda-Fit-1005707212
264676431,10,Honda reflective shirt,Only left L size,https://sg.carousell.com/p/Honda-reflective-shirt-264676431
273111457,"7,999",Honda Nc750x,Honda,https://sg.carousell.com/p/Honda-Nc750x-273111457
258463034,"91,800",Honda Vezel 1.5 X Honda Sensing,The New Facelift Honda Vezel 1.5X 2019  - Powered By 4-cylinder in-line DOHC i-VTEC With 129bhp - Fuel 20km/L - Equipped With Honda Sensing Technology - Keyless - Mated with powerful CVT gearbox - New LED Head Lights - New Bumper Design - New Interior Centre Console  Come By To Our Showroom for View,https://sg.carousell.com/p/Honda-Vezel-1.5-X-Honda-Sensing-258463034
1007143499,"4,700",Honda CBR150R,Honda,https://sg.carousell.com/p/Honda-CBR150R-1007143499
220309772,500,Honda CB300r,Honda,https://sg.carousell.com/p/Honda-CB300r-220309772
1008097454,90,Honda stream,"Hi, selling Honda Stream yr 06-09 front grill. condition 8/10.",https://sg.carousell.com/p/Honda-stream-1008097454
227033458,0,HONDA PCX150,Honda,https://sg.carousell.com/p/HONDA-PCX150-227033458
203137133,"84,800",Honda Vezel 1.5 X [MY18] Honda Sensing (A),Showroom: Asia Autocarz Pte Ltd 7 Kaki Bukit Road #02-08 Singapore 415937  Up to 90% loan available pm us for more information  Sales Contact: Ken Tan tel:96353046  Malcolm Tan tel:94505599 ,https://sg.carousell.com/p/Honda-Vezel-1.5-X-[MY18]-Honda-Sensing-(A)-203137133
1007730960,135,[HONDA]Airwave with [MAGICIAN]Honda Series,"[Honda]Airwave installed with [MAGICIAN]Honda Series [ENGLISH VERSION]  What for wasting money on HUD? Can't see under the bright sun, only can see clearly in the night time. Why not invest a little bit and get a nicer and better products?  Functions: ‚≠êÔ∏èUNIVERSAL SERIES‚≠êÔ∏èAlfaRomeo Series‚≠êÔ∏èAudi",https://sg.carousell.com/p/[HONDA]Airwave-with-[MAGICIAN]Honda-Series-1007730960
285054610,15,Honda Leather Car Key Holder ,In-stock,https://sg.carousell.com/p/Honda-Leather-Car-Key-Holder--285054610
256324460,"98,800",HONDA VEZEL HYBRID 1.5 X (MY18/19) HONDA SENSING,The New Facelift Honda Vezel Hybrid X With Honda Sensing Technology.  ‚úÖ 1.5 DOHC Hybrid Engine With 150bhp ‚úÖ Fuel 24.2km/L ‚úÖ New Full LED Headlight ‚úÖ New Bumper Design ‚úÖ Keyless Entry And Keyless Start ‚úÖ Equipped With Honda Sensing Technology  $0 Downpayment Flexible Loan Available  Not Only That Ou,https://sg.carousell.com/p/HONDA-VEZEL-HYBRID-1.5-X-(MY18/19)-HONDA-SENSING-256324460
1005693466,15,vintage honda polo,vintage honda official polo   pm any questions or nego ,https://sg.carousell.com/p/vintage-honda-polo-1005693466
1007722099,1,Headlight Restoration On (Honda Freed),Honda / Nissan / Toyota / Mitsubishi / Subaru / Mazda / suzuki / Isuzu / KIA / Hyundai / Volkswagen / Lexus / Opel / Fiat / Citroen / BMW / Mercedes / Audi / Chevrolet / Peugeot / Ford / Volvo,https://sg.carousell.com/p/Headlight-Restoration-On-(Honda-Freed)-1007722099
1009003239,20,Multicolor Honda Emblem for ALL Honda Models!,$20 per emblem  Quality of emblems assured  Colors available:  1) Carbon Fibre 2) Gold 3) Red 4) Black   Able to fit:  - Honda Civic all FD models / Civic FC / Civic x/ Vezel  - Honda Stream RN6 / RSZ  - Honda Jazz / Fit  - Civic FC / 10th generation Civic / 2016 Civic  - Honda Shuttle  - Honda Civi,https://sg.carousell.com/p/Multicolor-Honda-Emblem-for-ALL-Honda-Models!-1009003239
1009001985,25,JDM Red Honda Emblem for ALL Honda Models!,Ready stock!  Best quality you can find in the market!  New colour! Improved quality! Black and Red Honda emblem!  Enhance your vehicle looks!  +$10 for super big front emblem for 2018 n above Shuttle / Jazz / Fit / Mobilio / City / Stepwagon / Vezel  Able to fit:  - Honda Civic all FD models / Civi,https://sg.carousell.com/p/JDM-Red-Honda-Emblem-for-ALL-Honda-Models!-1009001985
1006962653,39.99,Unspun Factory Hot Wheels Honda Civic EF,"* Super Chrome that was never released * Corona Sale!  * First come First Serve * Price Non-negotiable * Meet up @ Tiong Bahru ~ Blk 8 Kim Tian Place S(162120) @ Lift Lobby * Mail ask for detail * Add PVC Protector - $3 for Large Hotwheels Premium & Car Culture Card, - $2 for Mainlines or Older Car ",https://sg.carousell.com/p/Unspun-Factory-Hot-Wheels-Honda-Civic-EF-1006962653
1009002716,30,Black/Red Honda Emblem for ALL Honda Models!,Ready stock!  Best quality you can find in the market!  New colour! Improved quality! Black and Red Honda emblem!  Enhance your vehicle looks!  Single Emblem $30 Front + Rear $55 Front + Rear + Steering $70  +$10 for super big front emblem for 2018 Shuttle / Jazz / Fit / Mobilio / City / Stepwagon /,https://sg.carousell.com/p/Black/Red-Honda-Emblem-for-ALL-Honda-Models!-1009002716
1007143046,9.99,Unspun Hot Wheels GReddy Honda Civic EF,"* Corona Sale! Rare Limited Item * First come First Serve * Price Non-negotiable * Meet up @ Tiong Bahru ~ Blk 8 Kim Tian Place S(162120) @ Lift Lobby * Mail ask for detail * Add PVC Protector - $3 for Large Hotwheels Premium & Car Culture Card, - $2 for Mainlines or Older Car Culture & Tarmac/Ignit",https://sg.carousell.com/p/Unspun-Hot-Wheels-GReddy-Honda-Civic-EF-1007143046
1007147221,5.99,Unspun Hot Wheels Honda NSX,"* Corona Sale!  * First come First Serve * Price Non-negotiable * Meet up @ Tiong Bahru ~ Blk 8 Kim Tian Place S(162120) @ Lift Lobby * Mail ask for detail * Add PVC Protector - $3 for Large Hotwheels Premium & Car Culture Card, - $2 for Mainlines or Older Car Culture & Tarmac/Ignition-model - $9 fo",https://sg.carousell.com/p/Unspun-Hot-Wheels-Honda-NSX-1007147221
1007007751,7.99,Unspun 2019 Hot Wheels Honda CRX,"* Original Factory Custom not Handmade Custom, price for each * Corona Sale!  * First come First Serve * Price Non-negotiable * Meet up @ Tiong Bahru ~ Blk 8 Kim Tian Place S(162120) @ Lift Lobby * Mail ask for detail * Add PVC Protector - $3 for Large Hotwheels Premium & Car Culture Card, - $2 for ",https://sg.carousell.com/p/Unspun-2019-Hot-Wheels-Honda-CRX-1007007751
1007147052,2.99,Loose Hot Wheels Honda NSX riveted,"* Corona Sale!  * First come First Serve * Price Non-negotiable * Meet up @ Tiong Bahru ~ Blk 8 Kim Tian Place S(162120) @ Lift Lobby * Mail ask for detail * Add PVC Protector - $3 for Large Hotwheels Premium & Car Culture Card, - $2 for Mainlines or Older Car Culture & Tarmac/Ignition-model - $9 fo",https://sg.carousell.com/p/Loose-Hot-Wheels-Honda-NSX-riveted-1007147052
1007146408,3.99,Loose Riveted Hot Wheels Honda S2000,"* Corona Sale!  * First come First Serve * Price Non-negotiable * Meet up @ Tiong Bahru ~ Blk 8 Kim Tian Place S(162120) @ Lift Lobby * Mail ask for detail * Add PVC Protector - $3 for Large Hotwheels Premium & Car Culture Card, - $2 for Mainlines or Older Car Culture & Tarmac/Ignition-model - $9 fo",https://sg.carousell.com/p/Loose-Riveted-Hot-Wheels-Honda-S2000-1007146408
240878722,0,2019 HONDA XADV150,Honda,https://sg.carousell.com/p/2019-HONDA-XADV150-240878722
256328081,"87,800",HONDA SHUTTLE 1.5 G LED (MY19) HONDA SENSING,The New Facelift Honda Shuttle 1.5G Petrol Has Arrived! Famous In the large Booth Space!! And Suitable for Family Outing!!  - 1.5 Engine Output Of 130bhp - New Design Front Bumper And Grille - New LED Headlight - New LED Foglamp - Comes With Honda Sensing Technology - Fuel Consumption 22km/L  Come B,https://sg.carousell.com/p/HONDA-SHUTTLE-1.5-G-LED-(MY19)-HONDA-SENSING-256328081
282899769,0,Honda Cb150,Honda,https://sg.carousell.com/p/Honda-Cb150-282899769
285972443,"73,988",Honda Shuttle 1.5G Honda Sensing,ùëÉùë¢ùëüùëê‚Ñéùëéùë†ùëí ùë¶ùëúùë¢ùëü ùë£ùëí‚Ñéùëñùëêùëôùëí ùëëùë¢ùëüùëñùëõùëî ùëúùë¢ùëü ùëùùëüùëúùëöùëúùë°ùëñùëúùëõ ùëùùëíùëüùëñùëúùëë ùë°ùëú ùëíùëõùëóùëúùë¶ ‚úîFlexible Loan Scheme  ‚úîLow Down Payment (PHV) ‚úî 5 Years Warranty ‚úî 3 Years Servicing  ‚úî Free Road Tax  ùêíùêÜ ùêÇùêÄùêë ùêÇùêáùêéùêàùêÇùêÑ ùêìùêéùêè ùüë ùêÜùêîùêÄùêëùêÄùêçùêìùêÑùêÑùêÉ  ‚úîLOWEST PRICE GUARANTEED OR YOUR MONEY BACK ‚úîBEST BUYING EXPERIENCE  ‚úîNO DEPOSIT POLICY -----------------,https://sg.carousell.com/p/Honda-Shuttle-1.5G-Honda-Sensing-285972443
245757619,0,Promotion Units Honda CB125R,Honda,https://sg.carousell.com/p/Promotion-Units-Honda-CB125R-245757619
1004230828,"14,500",Honda Jazz 1.3 CL (A),Reg: 28 Jan 2011,https://sg.carousell.com/p/Honda-Jazz-1.3-CL-(A)-1004230828
1006937542,"12,900",HONDA Shadow400,Honda,https://sg.carousell.com/p/HONDA-Shadow400-1006937542
1007922826,"55,000",Honda Shuttle 1.5 G (A),Reg: 15 Jul 2016,https://sg.carousell.com/p/Honda-Shuttle-1.5-G-(A)-1007922826
278986709,"15,800",Honda Agent Forza 300,Honda,https://sg.carousell.com/p/Honda-Agent-Forza-300-278986709
1008668319,35,Honda Fit emblem,Honda Fit GE model  Honda stream carbon fibre (hydrodipped) Front and back-($35),https://sg.carousell.com/p/Honda-Fit-emblem-1008668319
282892401,0,Honda Cb190Tr,Honda,https://sg.carousell.com/p/Honda-Cb190Tr-282892401
279782504,"14,000",Honda CB400,Honda,https://sg.carousell.com/p/Honda-CB400-279782504
1008992574,"1,000",HONDA PCX150,Honda,https://sg.carousell.com/p/HONDA-PCX150-1008992574
1005909813,30,Wts honda vezel original speaker set,selling Honda vezel original speaker + tweeter set. selling fix at $30 dollar and self collection at woodlands /Admiralty area.,https://sg.carousell.com/p/Wts-honda-vezel-original-speaker-set-1005909813
277650265,"7,100",Honda CBF190X,Vespa,https://sg.carousell.com/p/Honda-CBF190X-277650265
1006822456,"69,800",Honda Fit,"Honda Fit  (Brand New) ‚ùóÔ∏è1.3G PETROL (7 Colours available) - ready stock  -immediate registration available  ‚ùóÔ∏è1.5GF HYBRID (6 Colours available) -ready stock  -immediate registration available  Full loan available at 2.98%  üß†Freebies, Worth $7000!! (FOC) üí£ (Promotion period ONLY)  üî¥ FREE 5 Year Mai",https://sg.carousell.com/p/Honda-Fit-1006822456
287053413,250,Honda FREED,Showroom: Grandstand 210 Turf Club Road Lot A8 Singapore 287995  Rental Rates: Weekly: 250.0 SGD  Rental Terms: Min. Duration: 1 Months Deposit Amount: 300.0 SGD Age Range: 22 - 65 Min. Driving Exp: 2.0 years Malaysia Allowed: Yes  Description: 1 month special promotion  lowest in town !!!  personal,https://sg.carousell.com/p/Honda-FREED-287053413
1008186559,25,Honda Car Key Cover,"bought wrong thing and selling it. Selling this Honda Car Key Cover, used to replace the back of your key for the sporty red Mugen Logo. Tested and fits my Honda Shuttle key, shouldn't be issue for Honda Fit and Jazz. Packaging that comes with it shows Authentic Honda Parts.   Do note this is not a ",https://sg.carousell.com/p/Honda-Car-Key-Cover-1008186559
248286266,40,HONDA CIVIC 1.8 VTI,STRAIGHT THROUGH HKS EXHAUST!  ‚úÖTRUSTABLE WITH VARIETY üí≤PHV & PERSONAL USAGE READY üíØSUPER COMPETITIVE PRICE üí∞PROPER INSURANCE COVERAGE üöóREGULARLY SERVICED VEHICLES  LIST OF VEHICLES FOR RENTAL : - BMW 320I ( WITH BODYKIT ) - AUDI A4  - MERCS C180K  - VW GOLF 1.4 (WRAPPED) - HONDA CIVIC 1.8 - HONDA F,https://sg.carousell.com/p/HONDA-CIVIC-1.8-VTI-248286266
1007595594,10,honda phantom foot peg,unused honda phantom foot peg for sale,https://sg.carousell.com/p/honda-phantom-foot-peg-1007595594
1006184575,350,HONDA SHUTTLE,"üí• Introducing Grab Latest.. Grab RENTALSHIELD! üí•  More Information @ https://www.grab.com/sg/driver/transport/rentals/rentalshield/  üòò Services Include üòò ‚òëÔ∏è Friendly and Honest Service (No Gimmicks!!, No Hidden Cost!!) ‚òëÔ∏è Road Tax and Insurance üîπüîπ Section A (Own Damage Claims) @ S$1,070.00 üîπüîπ Sectio",https://sg.carousell.com/p/HONDA-SHUTTLE-1006184575
277651615,"7,100",Honda CB190X,Vespa,https://sg.carousell.com/p/Honda-CB190X-277651615
273790276,"11,500",Preown Honda NC750X Silver,Honda,https://sg.carousell.com/p/Preown-Honda-NC750X-Silver-273790276
1003188604,"58,800 (New COE)",Honda Freed 1.5 (A),Reg: 19 Oct 2010,https://sg.carousell.com/p/Honda-Freed-1.5-(A)-1003188604
218276414,"13,088",Brand New Honda Forza 300,Honda,https://sg.carousell.com/p/Brand-New-Honda-Forza-300-218276414
1008137228,0.10,Honda NC750X Wrap,Honda Wrap decal sticker Nc750x,https://sg.carousell.com/p/Honda-NC750X-Wrap-1008137228
1007442374,350,Honda Phantom TA200 for rent,Others,https://sg.carousell.com/p/Honda-Phantom-TA200-for-rent-1007442374
1008987200,45,Honda Fuel Filter,Selling genuine fuel filter for Honda Civic FD model.   Thanks for viewing,https://sg.carousell.com/p/Honda-Fuel-Filter-1008987200
1008894807,60,Honda Fit GE6 Stock Front Grille with Red Honda Emblem, Selling away my honda fit ge6 stock grille with red honda emblem. Still looks brand new.   Cash N Carry  Price can be negotiable. ,https://sg.carousell.com/p/Honda-Fit-GE6-Stock-Front-Grille-with-Red-Honda-Emblem-1008894807
1007104921,195,Honda FD2 Engine Mount,"Honda FD2 Engine Mount Part No: 50830-SVB-A01  The rest of the engine mount as follows: Part No: 50820-SNW-J01 https://sg.carousell.com/p/honda-side-engine-mount-for-fd2-type-r-285003180  Part No: 50880-SNW-J01 https://sg.carousell.com/p/honda-fd2-engine-mount-1007103975  Part No: 50850-SV",https://sg.carousell.com/p/Honda-FD2-Engine-Mount-1007104921
1006657182,33,Honda Vezel Hybrid X,Honda Vezel Hybrid 1.5 X   !! Last Circuit Breaker Deal !! 1 month Contract   Inclusive  ‚úÖInsurance  ‚úÖRoad Tax  ‚úÖUnlimited Mileage  ‚úÖ Private hirer Available  ‚úÖ Add on CDW (Collision Damage Waiver) excess $500 | $500  ‚úÖ24 hour breakdown tow service provided  ‚úÖLease to own/100% loan Available   Comes,https://sg.carousell.com/p/Honda-Vezel-Hybrid-X-1006657182
1008987642,25,Honda Fuel Filter,Selling genuine fuel filter for Honda Jazz GD model.   Thanks for viewing,https://sg.carousell.com/p/Honda-Fuel-Filter-1008987642
1005672004,24,Vintage TOMY Tomica Honda motorcycle,Bricks & Figurines,https://sg.carousell.com/p/Vintage-TOMY-Tomica-Honda-motorcycle-1005672004
1007833059,5,Hotwheels - Honda & Audi,Audi RS Coupe - $15 '84 audi sport - $10 Audi RS 6 Avant - $5 Honda Crx - $20 Honda City - $10 Honda Civic - $20 Acura Integra - $15,https://sg.carousell.com/p/Hotwheels---Honda-&-Audi-1007833059
1008274314,20,Honda civic fuel pump,used honda civic fd2 fuel pump,https://sg.carousell.com/p/Honda-civic-fuel-pump-1008274314
1005704947,40,Honda Rim Caps for ALL Honda Models,"JDM Red Honda Rim Caps  Diameter: 58mm / 65mm / 68mm  Fits all rims with 58mm, 65mm or 68mm rim caps diameter  #honda #rimcaps #civic #stream #jazz #fit #jade #vezel #shuttle #hrv #rsz #mobilio #stepwagon",https://sg.carousell.com/p/Honda-Rim-Caps-for-ALL-Honda-Models-1005704947
1006975990,29.99,Unspun Factory Hot Wheels Honda EF Variation Factory Paint,* Original Factory Paint! Take all 20pcs for $200 - all variation of internal and base available under Mattel * Corona Sale!  * First come First Serve * Price Non-negotiable * Meet up @ Tiong Bahru ~ Blk 8 Kim Tian Place S(162120) @ Lift Lobby * Mail ask for detail * Add PVC Protector - $3 for Large,https://sg.carousell.com/p/Unspun-Factory-Hot-Wheels-Honda-EF-Variation-Factory-Paint-1006975990
1007278643,12,Honda freed catalogue,Clearing off honda freed catalogue   $12 per catalogue,https://sg.carousell.com/p/Honda-freed-catalogue-1007278643
1005978061,"5,000",Honda CB1100,Honda,https://sg.carousell.com/p/Honda-CB1100-1005978061
278926373,45,HONDA FIT 1.3G A for rent!,"( DAILY,WEEKEND)  *NO CONTRACT*  *NO DEPOSIT*  *NO MINIMUM DURATION*   Deposit is needed for long term 3 months above rental .   CARS AVAILABLE :   Honda Jazz   Honda Fit   Toyota Wish   Toyota Estima   Honda Civic 2.0   Honda Airwave    Rental terms:   - Min age  : 22    - Min. Driving experience :",https://sg.carousell.com/p/HONDA-FIT-1.3G-A-for-rent!-278926373
1007921857,"25,000",Honda Civic 1.8 (A),Reg: 28 Sep 2007,https://sg.carousell.com/p/Honda-Civic-1.8-(A)-1007921857
227156937,0,HONDA CB150R X MOTIONS,Honda,https://sg.carousell.com/p/HONDA-CB150R-X-MOTIONS-227156937
285672427,"59,800 (New COE)",Honda Civic 1.8 Auto,Reg: 14 Apr 2010 | OPC,https://sg.carousell.com/p/Honda-Civic-1.8-Auto-285672427
1006212961,"57,000",Honda Civic 1.8 (A),Reg: 11 Mar 2009,https://sg.carousell.com/p/Honda-Civic-1.8-(A)-1006212961
253144064,"1,000",HONDA XADV750,Honda,https://sg.carousell.com/p/HONDA-XADV750-253144064
1008458418,100,Honda Civic Car Grille,Honda Civic Car Grill for sale. Never used and kept it in store room. PP-21028 CIVIC 06 4D,https://sg.carousell.com/p/Honda-Civic-Car-Grille-1008458418
226018618,"1,000",HONDA CB150R 2019 STREETSTER,Honda,https://sg.carousell.com/p/HONDA-CB150R-2019-STREETSTER-226018618
1009061883,350,"Honda Stock Rims 16""","Changed my honda vezel stock rims out, original 16"" stock rims. comes with box.   rim only, no tyre","https://sg.carousell.com/p/Honda-Stock-Rims-16""-1009061883"
280182225,50,Honda Civic 1.8 Auto,FULL BLUE WRAPPED CIVIC  ‚úÖTRUSTABLE WITH VARIETY üí≤PHV & PERSONAL USAGE READY üíØSUPER COMPETITIVE PRICE üí∞PROPER INSURANCE COVERAGE üöóREGULARLY SERVICED VEHICLES üî® IN-HOUSE WORKSHOP üîà24/7 TOW & ROAD SIDE ASSITANCE  LIST OF VEHICLES FOR RENTAL : - BMW 320I ( WITH BODYKIT ) - AUDI A4  - MERCS C180K  - VW ,https://sg.carousell.com/p/Honda-Civic-1.8-Auto-280182225
1007640914,840,Honda S2000 rear bumper,Honda S2000 rear bumper for AP2  Suits both base model and Type S Unpainted.    Please PM for more info,https://sg.carousell.com/p/Honda-S2000-rear-bumper-1007640914
1008681504,50,Honda Wave S,* Still In Packaging * Shield Right & Left For Honda Wave S  * Contactless Delivery Add Only $10 !!!,https://sg.carousell.com/p/Honda-Wave-S-1008681504
260833994,1,HONDA CB190SS RETRO EDITIONS,Honda,https://sg.carousell.com/p/HONDA-CB190SS-RETRO-EDITIONS-260833994
1008812704,10,Honda ADV150 Speedometer Film,HONDA ADV150 OWNERS: YOU MAY WANT TO READ THIS!   The most basic upgrade you should get for your beloved motorcycle. Protect your speedometer from accidental scratches with this protective film! Made from Oracal vinyl so you can be assured of it's quality and easy DIY application.   Available in: ‚úîÔ∏è,https://sg.carousell.com/p/Honda-ADV150-Speedometer-Film-1008812704
1007775747,18,Honda Vezel boot tray,Honda Vezel boot tray going for only $18.00. Please contact Darren at 94509218,https://sg.carousell.com/p/Honda-Vezel-boot-tray-1007775747
1008647395,26,"Honda Elysion ""Choro Q""",Honda Elysion Choro Q  Not included pokemon ! Please sms through here for enquiry and stock available,"https://sg.carousell.com/p/Honda-Elysion-""Choro-Q""-1008647395"
1008643272,25,Honda Odyssey Choro Q,Honda Odyssey choroQ Only! Not Included pokemon! Please sms through here for enquiry and stock available,https://sg.carousell.com/p/Honda-Odyssey-Choro-Q-1008643272
1009000986,45,Honda Civic Fuel Filter,Selling genuine fuel filter for Honda Civic FD model.   Please text me for more information. Thanks for viewing,https://sg.carousell.com/p/Honda-Civic-Fuel-Filter-1009000986
1008202537,140,Honda CB190R for Rent,Honda CB190R for Rent  Rider should possess a valid riding license with one year experience.,https://sg.carousell.com/p/Honda-CB190R-for-Rent-1008202537
1006893315,"7,500",Honda Nc700XD,"White Colour March 2013 Honda NC700XD With Abs For Sale. Low Mileage At 58233 km. Bike Comes With Dual - Clutch Transmission ""Dct"" Auto Transmission. Very Smooth Ride. Bike Is Powerful ""DCT Model"" For 700cc. Well Maintained. Engine Oil Regularly Service  & Maintain.  Fuel Economy Saving Bike can eas",https://sg.carousell.com/p/Honda-Nc700XD-1006893315
1009000218,25,Honda Jazz  Fuel Filter,Selling genuine fuel filter for Honda Jazz GD model.   Pls leave a msg for more information. Thanks for viewing,https://sg.carousell.com/p/Honda-Jazz--Fuel-Filter-1009000218
1008972251,0.99,Honda Exhaust Hangar  for FD2,Honda FD2 Exhaust Mounting Rubber Part No: 18215-SMG-E11     Please PM for more info,https://sg.carousell.com/p/Honda-Exhaust-Hangar--for-FD2-1008972251
1008500479,15,Honda Car Boot Organiser,"Honda Car Boot Organiser  Strictly No Reserve/Trade or Exchange  For Serious Buyer, Low Baller pls stay away",https://sg.carousell.com/p/Honda-Car-Boot-Organiser-1008500479
1008028321,7,Tomica #66 Honda Fit,Tomica #66 Honda Fit (Orange) Brand new and sealed in plastic!  Self collect at my place in Taman Jurong Or Top up $1 for postage!,https://sg.carousell.com/p/Tomica-#66-Honda-Fit-1008028321
1008560649,50,Honda Vezel Stock Spring,Honda Vezel Stock Springs Swapped out a few years back Selling as clearing space Self collect at tampines Springs for all 4 sides No nego,https://sg.carousell.com/p/Honda-Vezel-Stock-Spring-1008560649
1008974035,1.88,Honda K24 Timing Chain,Honda K24 Timing Chain Part No: 14401-PPA-004     Please PM for more info,https://sg.carousell.com/p/Honda-K24-Timing-Chain-1008974035
1007242849,25,10mm Thread Honda Mirror,BNIB in stock. Suitable most of Honda models  Yishun Collection.,https://sg.carousell.com/p/10mm-Thread-Honda-Mirror-1007242849
1007956558,1,3M Reflective Tape On (Honda Vezel),3M reflective tape   Price include installation  #car #bumperlip #samurailip #caraccessories #accessories #samurai lip   Honda / Nissan / Toyota / Mitsubishi / Subaru / Mazda / suzuki / Isuzu / KIA / Hyundai / Volkswagen / Lexus / Opel / Fiat / Citroen / BMW / Mercedes / Audi / Chevrolet / Peugeot /,https://sg.carousell.com/p/3M-Reflective-Tape-On-(Honda-Vezel)-1007956558
1004532859,7.99,Hot Wheels Mainline NGK Honda Odyssey,"* Corona Sale!  * First come First Serve * Price Non-negotiable * Meet up @ Tiong Bahru ~ Blk 8 Kim Tian Place S(162120) @ Lift Lobby * Mail ask for detail * Add PVC Protector - $3 for Large Hotwheels Premium & Car Culture Card, - $2 for Mainlines or Older Car Culture & Tarmac/Ignition-model - $9 fo",https://sg.carousell.com/p/Hot-Wheels-Mainline-NGK-Honda-Odyssey-1004532859
1007168835,30,Honda cbr1000rr Clutch cable,for honda CBR1000RR clutch cable brand new not used. genuine OEM parts.,https://sg.carousell.com/p/Honda-cbr1000rr-Clutch-cable-1007168835
1007827977,10,Honda hand gloves,Honda hand gloves from Japan Suitable for cycling or riding Interested please pm,https://sg.carousell.com/p/Honda-hand-gloves-1007827977
1008902162,50,Honda GE6 stock muffler,"Clearing store room, selling a honda ge6 stock muffler, non operated as stock as it can get! Great for inspection usage etc. ",https://sg.carousell.com/p/Honda-GE6-stock-muffler-1008902162
270159818,30,Honda Fit For Rent,Honda Fit For Rent From $30/-Per Day. (For C.B Period Only) Prefer Long Term Rental. Low Deposit. PHV also Welcome.  Term & Condition Applies.,https://sg.carousell.com/p/Honda-Fit-For-Rent-270159818
1007589366,"19,990 (New COE)",Honda Fit 1.3 (A),Reg: -,https://sg.carousell.com/p/Honda-Fit-1.3-(A)-1007589366
1006743545,"43,800",Honda Civic 1.8 (A),Reg: 18 Jul 2007,https://sg.carousell.com/p/Honda-Civic-1.8-(A)-1006743545
1008276008,"2,000",Honda CB400 Super Four,Honda,https://sg.carousell.com/p/Honda-CB400-Super-Four-1008276008
282154330,40,Hybrid Honda Shuttle Rental,‚ö°Honda Shuttle Hybrid For Private Hire Use‚ö°  ‚úÖ Large Fleet of Hybrid + Petrol Cars ‚úÖ Lowest Rental Rate ‚úÖ Low Deposit ‚úÖ CDW Available ‚úÖ 24/7 Helpline  PM Me For Special Promotion,https://sg.carousell.com/p/Hybrid-Honda-Shuttle-Rental-282154330
221579116,300,Honda Jazz 1.3A for Rent!,"Rental Terms: Min. 3 months  Monthly $1200!  Quality Checked vehicles ‚úî Include Malaysia usage‚úî Low Insurance excess ‚úî In-house Car Workshop‚úî 24/7 Breakdown Assistance‚úî Road tax, Insurance & Servicing covered‚úî *Option to lease & own vehicle‚úî Deposit from $300 (Fully refundable)‚úî  Hyundai Avante 1.6A",https://sg.carousell.com/p/Honda-Jazz-1.3A-for-Rent!-221579116
249753943,"47,800",Honda Shuttle 1.5 G Honda Sensing (A) New Facelift ," ‚≠êÔ∏èLeco Auto Pte Ltd‚≠êÔ∏è ‚≠êÔ∏èSince 1975 ‚≠êÔ∏è ‚≠êÔ∏è61 Ubi Ave 2 #01-05 Singapore 408898‚≠êÔ∏è  ‚òùÔ∏è New 2019 / 2020 Shipment   ‚ú®New Facelift 2019 / 2020  Honda Shuttle Petrol 1.5 G   ‚úÖPI best seller  ‚úÖHonda Sensing Standard Options  ‚úÖKeyless  ‚úÖFull Accessories  ‚úÖNew arrival stocks, VAC ready   ‚òéÔ∏è 68460020 | 9784636",https://sg.carousell.com/p/Honda-Shuttle-1.5-G-Honda-Sensing-(A)-New-Facelift--249753943
271977001,"12,788",Honda ADV150 CBS & ABS,Honda,https://sg.carousell.com/p/Honda-ADV150-CBS-&-ABS-271977001
255575603,"5,888",Honda Nsr 150 RR,Honda,https://sg.carousell.com/p/Honda-Nsr-150-RR-255575603
1007532152,0,2020 HONDA CB150R,Honda,https://sg.carousell.com/p/2020-HONDA-CB150R-1007532152
1008303183,"7,000",Honda Transalp 700,Honda,https://sg.carousell.com/p/Honda-Transalp-700-1008303183
1004856092,"2,000",Honda XR50,Honda XR 50.   ,https://sg.carousell.com/p/Honda-XR50-1004856092
192147658,"9,088",Honda Silverwing 400 for Sale,Honda,https://sg.carousell.com/p/Honda-Silverwing-400-for-Sale-192147658
1007992142,"61,888",HONDA FIT 1.3,Guaranteed Delivery Low Interest Rate One-stop Jack Cars Service Centre  10 years Free Concierge Service Delivering driving assurance so you can drive happy! ,https://sg.carousell.com/p/HONDA-FIT-1.3-1007992142
1007103975,245,Honda FD2 Engine Mount,"Honda FD2 Engine Mount Part No: 50880-SNW-J01  The rest of the engine mount as follows: Part No: 50820-SNW-J01 https://sg.carousell.com/p/honda-side-engine-mount-for-fd2-type-r-285003180  Part No: 50830-SVB-A01 https://sg.carousell.com/p/honda-fd2-engine-mount-1007104921  Part No: 50850-SV",https://sg.carousell.com/p/Honda-FD2-Engine-Mount-1007103975
263630079,5,magnetic sunshade for HONDA VEZEL,magnetic sunshade for HONDA VEZEL  selling individually (left & right side r the same) 1x  front 1x  back ,https://sg.carousell.com/p/magnetic-sunshade-for-HONDA-VEZEL-263630079
1008418104,140,$140/Week Honda wave,Honda Wave for Rent - $140/week - $25 registration fee  Requirements - 22 years old and above - more than 2 years riding experience  Commercial insurance included   Reach us at 90098334 ,https://sg.carousell.com/p/$140/Week-Honda-wave-1008418104
1008301630,15,Honda Goldwing mirror chrome,"1) Chrome mirror trim for honda goldwing GL 1800 2) 2001 to 2012, 2003,2005,2007, 2009,2010,2011  3) Item cracked abit  4) cash / carry  5) low ballers pls stay away  ",https://sg.carousell.com/p/Honda-Goldwing-mirror-chrome-1008301630
1008382794,380,honda city anroid player,Accessories,https://sg.carousell.com/p/honda-city-anroid-player-1008382794
1008967759,350,(COVID PROMO) HONDA CIVIC,Estima 280/week Previa 250/week Altis 200/week Fit 180/week Stream 220/week Elantra 200/week Golf 250/week Kia Forte 190/week Vezel with hks exhaust 290/week Jaguar xf 300/week   1 mth contract min  Promo valid till end of CB 1st June 2020  After one mth if extend with us 3 mths get 3 days free rent,https://sg.carousell.com/p/(COVID-PROMO)-HONDA-CIVIC-1008967759
278350234,100,Used Honda CB190R for sale.,Honda,https://sg.carousell.com/p/Used-Honda-CB190R-for-sale.-278350234
272996955,"11,000",Honda cb400 revo for sale,Honda,https://sg.carousell.com/p/Honda-cb400-revo-for-sale-272996955
1006245727,40,Honda Shuttle Hybrid For Rent,‚ö°Honda Shuttle Hybrid For Private Hire Use‚ö°  ‚úÖ Large Fleet of Hybrid + Petrol Cars ‚úÖ Lowest Rental Rate ‚úÖ Low Deposit ‚úÖ CDW Available ‚úÖ 24/7 Helpline,https://sg.carousell.com/p/Honda-Shuttle-Hybrid-For-Rent-1006245727
1008667633,6.88,Honda Fit wrap and plastidip,"For more enquiry, dont hesitate to contact us. HP: 98185873 (KEN)   TOH GUAN CENTRE 21  TOH GUAN ROAD EAST #05-26 SINGAPORE 608609  Operating Hours:  MONDAY - SATURDAY  10AM - 6PM   SERVICES AVAILABLE:  - Full Car Wrap  - Car Licence Plate - Head Light/ Tail Light Tinting  - PlasticDip  - Window Tin",https://sg.carousell.com/p/Honda-Fit-wrap-and-plastidip-1008667633
283914051,"17,000",HONDA VFR800X Crossrunner,Honda,https://sg.carousell.com/p/HONDA-VFR800X-Crossrunner-283914051
1007763481,38,Honda Vezel scuff plate,"Honda Vezel scuff plate with blue led lighting. 4 pcs brand new conditions. Cash and carry $38.00 If you need installation, $30.00 for installation charges. Delivery charge $8.00 Please contact Darren at 94509218",https://sg.carousell.com/p/Honda-Vezel-scuff-plate-1007763481
1007768658,68,Honda EG6 Model,1:24 Honda EG6 Modelling  Old School Collectibles  Rare Collection Piece Had been well kept  for 18 years Brand New In Packaging Only for Collectors  ,https://sg.carousell.com/p/Honda-EG6-Model-1007768658
1007825602,15,HONDA FIT REVERSE BULB,"super bright cree reverse bulb, previously honda fit, can install to GE/GD, TOYOTA WISH 2006.  cash & carry.",https://sg.carousell.com/p/HONDA-FIT-REVERSE-BULB-1007825602
1007539944,10,Honda Mugen Emblem,Honda Mugen Emblem„ÄÇ Come with double sided tape  Size: 14.5cm X 2.2cm  1pcs for $10.... 2pcs for $18....  Brand new per picture.  Free postage,https://sg.carousell.com/p/Honda-Mugen-Emblem-1007539944
1007248779,149,Honda ADV150/PCX150 Promotion,Honda,https://sg.carousell.com/p/Honda-ADV150/PCX150-Promotion-1007248779
1006102586,35,Honda emblem CF,Honda Fit GE model  Honda stream  Carbon fibre (hydrodipped) Front and back-($40),https://sg.carousell.com/p/Honda-emblem-CF-1006102586
1007044225,40,Honda Jazz Car Mat,Honda Jazz  2008-2013 Car Mat Full Set Free delivery to location,https://sg.carousell.com/p/Honda-Jazz-Car-Mat-1007044225
284993271,"12,000",Honda NC750X for sale,Honda,https://sg.carousell.com/p/Honda-NC750X-for-sale-284993271
1006998335,60,Honda Sp Carb,Honda SP NSR 150 keihin OEM carb.   Cash and carry.   Deal at Sembawang. ,https://sg.carousell.com/p/Honda-Sp-Carb-1006998335
270137214,150,Honda NSX 1 1/18 Racing livery,No box Used as display Excellent condition 1 1/18 size,https://sg.carousell.com/p/Honda-NSX-1-1/18-Racing-livery-270137214
283941281,66,Honda HRC Men's Shirt,"Original Honda HRC Men's Shirt  Sizes available: M, L, XL, 2XL  PM us or head down to our showroom at 370 Ubi Road 3 S(408651)    #honda #alpinestar #dainese #rstaichi #revit #motorcycle #riding #apparel #tshirt #shirt #polotee #jacket #helmet #hjc #shoei #kyt #arai #xlite #shark ",https://sg.carousell.com/p/Honda-HRC-Men's-Shirt-283941281
284488819,38,Honda (For Rent)Available  $1038,"Honda (For Rent)Available  Daily	Weekend (Fri-Mon)	Weekly	Monthly $60	$190	-	$1,088 Age (min)	:	20 years old Driving	:	P-Plate Drivers Are Allowed Category	:	Car Rental, Rent Mid Sized Car Details  Options  Drive to Malaysia  Minimum Driving Experience  2.0 years",https://sg.carousell.com/p/Honda-(For-Rent)Available--$1038-284488819
1008376525,"8,888",Honda CR-V 2.0 (A),Reg: 25 Dec 2010,https://sg.carousell.com/p/Honda-CR-V-2.0-(A)-1008376525
278224741,"1,500",New Honda GTR150,Yamaha,https://sg.carousell.com/p/New-Honda-GTR150-278224741
255991337,500,HONDA ADV 150,Honda,https://sg.carousell.com/p/HONDA-ADV-150-255991337
1007812642,"8,500",Honda CB400X (Price revised),Honda,https://sg.carousell.com/p/Honda-CB400X-(Price-revised)-1007812642
221626758,"5,000",Honda Wave S 125cc,Honda,https://sg.carousell.com/p/Honda-Wave-S-125cc-221626758
1007936547,50,Honda Fit 1.3A G,Honda FIT 1.3A G   Daily rental $70 Weekly rental $420 Monthly rental $1500   Min. 21 years old  2 years driving experience   Really can ‚Äòfit‚Äô many things  Perfect small family car ,https://sg.carousell.com/p/Honda-Fit-1.3A-G-1007936547
1007913061,"5,500",Honda Civic 1.6 VTI (A),Reg: 13 Nov 1999,https://sg.carousell.com/p/Honda-Civic-1.6-VTI-(A)-1007913061
1007729444,750,Honda GK GT Coilover,RZCREW CUSTOM GT COILOVER Spring rate at FRONT 8KG Rear 6KG Used for 7mths No Knocking No Leaking Not a Harsh Coilover  Item still on ride. Will dekit upon deposit given.  Suitable for Honda GK 3/5  üêç #hondajazz #hondafit #gk5 #gk3,https://sg.carousell.com/p/Honda-GK-GT-Coilover-1007729444
279062729,"10,000",Honda cb150r,Honda,https://sg.carousell.com/p/Honda-cb150r-279062729
1005910144,300,Honda Vezel, LContract monthly renewal  Upfront 1 week rental plus 500 deposit  Drive to Malaysia: Yes (VEP ready)  24hr towing service PHV ready  Daily rental available as well!  Kindly enquire for rates  For more info drop us a message! Reply within the next 12hours üôÇ   To rent Call/Whatsapp now !! Alex 8482 ,https://sg.carousell.com/p/Honda-Vezel-1005910144
1007719131,"55,888",Honda Civic 1.8 VTI-S (A),Reg: 17 Nov 2009,https://sg.carousell.com/p/Honda-Civic-1.8-VTI-S-(A)-1007719131
1008941553,"5,000",Honda XADV 750,Honda,https://sg.carousell.com/p/Honda-XADV-750-1008941553
1007747268,1,HONDA YAMAHA SUZUKI,Honda,https://sg.carousell.com/p/HONDA-YAMAHA-SUZUKI-1007747268
1007746684,1,YAMAHA HONDA SUZUKI,Yamaha,https://sg.carousell.com/p/YAMAHA-HONDA-SUZUKI-1007746684
1007408701,345,Honda WeatherStrips  For FD2 Body,Honda WeatherStrips for FD2 car body Part No:  Front right 72315-SNA-A01ZD  $93                Front left 72355-SNA-A01ZD  $93                Rear right 72815-SNA-A01ZD  $81                Rear left 72855-SNA-A01ZD  $81  Price listed for complete set of 4 pieces. Individual prices as in description.,https://sg.carousell.com/p/Honda-WeatherStrips--For-FD2-Body-1007408701
1007138594,18,Honda & Evo Lovers,Item: DVD Price for all 3 Pcs Collectibles for Honda and Evo lovers,https://sg.carousell.com/p/Honda-&-Evo-Lovers-1007138594
1000621933,"7,000",Honda CBR150R,Honda,https://sg.carousell.com/p/Honda-CBR150R-1000621933
285407016,"31,800 (New COE)",Honda Fit 1.3 (A),Reg: 31 Mar 2010,https://sg.carousell.com/p/Honda-Fit-1.3-(A)-285407016
225938622,"4,500",Honda CBR 150R,Honda,https://sg.carousell.com/p/Honda-CBR-150R-225938622
1001668842,25,Honda Airwave,Grab and Go-Jek ready!!! special price for this month  Good fuel cosumption... spacious  and comfort  Phv can do delivery such as: grouceries grab food delivery and alot more delivery can do as per govt approve due to covid-19   interested pls whatapp or call 94483669,https://sg.carousell.com/p/Honda-Airwave-1001668842
1005506014,"33,800 (New COE)",Honda Fit 1.5 (A),Reg: -,https://sg.carousell.com/p/Honda-Fit-1.5-(A)-1005506014
257210403,"99,800",Honda Freed Hybrid 1.5 G 7-Seater Honda Sensing (A),Drive away from $3k Monthly $1390  - Premium leather seats - 5years warranty  - Pioneer Dvd w Bluetooth  - Recording front back camera - 6months road tax -  Sports rim  Sales Contact: Ryan Toh tel:81887184 ,https://sg.carousell.com/p/Honda-Freed-Hybrid-1.5-G-7-Seater-Honda-Sensing-(A)-257210403
1007135971,65,Honda Wave Disc Brake,Brand new brake disc for Honda Wave 125. Several pieces available. if you are keen and looking to get a few sets price can be negotiated.  During CB period via delivery only. ($10 charge),https://sg.carousell.com/p/Honda-Wave-Disc-Brake-1007135971
1001172702,"4,500",Honda PCX150,Honda,https://sg.carousell.com/p/Honda-PCX150-1001172702
277206862,"1,000",Honda CB190TR,Honda,https://sg.carousell.com/p/Honda-CB190TR-277206862
1007256795,30,Honda Civic fd bonnet,Honda  civic fd bonnet  For those people who want  to dekit his expensive fibre Carbon bonnet for sell. So Car can sent for scape.,https://sg.carousell.com/p/Honda-Civic-fd-bonnet-1007256795
1007836653,600,Honda R20 Cam & Head,Selling off as mention item.  Item in storage.  Price slight nego.  Abort my project. Hope can get a new owner.  Pm mi for details.  Cash n Carry.  #honda #civic #fd1 #fd4 #piston #engine #block #camshaft,https://sg.carousell.com/p/Honda-R20-Cam-&-Head-1007836653
1007000346,12,Bike Racing Honda Top,Bike Racing Honda Top XL,https://sg.carousell.com/p/Bike-Racing-Honda-Top-1007000346
1000509717,20,Honda Stream foglight cover,Unused Honda Stream foglight cover.,https://sg.carousell.com/p/Honda-Stream-foglight-cover-1000509717
1008216542,456,Shoei honda Jforce ii,Used shoei honda for sale. Abit of fine scratches but can be gone by polishing. The air duct at the below side melted due to i want to dry my helmet but uses the spotlight instead. But doesn't affect anything. Pm me your best offer.,https://sg.carousell.com/p/Shoei-honda-Jforce-ii-1008216542
1006882079,88,Original Honda brake shoe for Honda Jazz ( 1 pair rear ), 1 pair BNIB of original Honda rear brake shoe kit for Honda Jazz.,https://sg.carousell.com/p/Original-Honda-brake-shoe-for-Honda-Jazz-(-1-pair-rear-)-1006882079
204574002,80,Honda CIVIC 1.6A (NEW),"Rental Rates: Weekday Daily: 80 SGD  Rental Terms: Min. Duration: 1 day Deposit Amount: 100 SGD Age Range: 18 - 65 Min. Driving Exp: 0 year Malaysia Allowed: Yes  Description: Eazi Car Leasing & Marketing Pte Ltd (Enhance your renting easier)  NEW HONDA CIVIC! One day at $85, Rent 2 days and above g",https://sg.carousell.com/p/Honda-CIVIC-1.6A-(NEW)-204574002
